Scenario,Real Yes %,Pred Yes %,Entropy
Obligation d'affichage Carbone,98.0,85.0,0.6098403047164004
Limitation 110 km/h sur autoroute,60.0,28.000000000000004,1.8299497010864851
Semaine de 28h (Projet),35.0,5.0,0.601763067193911
